"source_path","source_blob_sha","source_size","classification","reason","target_snapshot_path","target_blob_sha"
".github/workflows/v03-smoke.yml","107c61d5f504b84375b3a4dffbc5af1d1d4939df","1800","MIGRATED_EXACT","source Git blob SHA equals target committed snapshot blob SHA","migration_sources/cumcm-2026-mmkit-v04/.github/workflows/v03-smoke.yml","107c61d5f504b84375b3a4dffbc5af1d1d4939df"
".github/workflows/v04-governance-smoke.yml","2638024c8843fa0b0e812e8d2c1ece5ca608daa0","3085","MIGRATED_EXACT","source Git blob SHA equals target committed snapshot blob SHA","migration_sources/cumcm-2026-mmkit-v04/.github/workflows/v04-governance-smoke.yml","2638024c8843fa0b0e812e8d2c1ece5ca608daa0"
".gitignore","3685bcd1046168ba92ccf661af10222378a3b613","827","MIGRATED_EXACT","source Git blob SHA equals target committed snapshot blob SHA","migration_sources/cumcm-2026-mmkit-v04/.gitignore","3685bcd1046168ba92ccf661af10222378a3b613"
".python-version","24ee5b1be9961e38a503c8e764b7385dbb6ba124","5","MIGRATED_EXACT","source Git blob SHA equals target committed snapshot blob SHA","migration_sources/cumcm-2026-mmkit-v04/.python-version","24ee5b1be9961e38a503c8e764b7385dbb6ba124"
"AGENTS.md","97afa9d1b8460246351700f842df792193362930","11968","INTENTIONALLY_PRIVATE","private CUMCM workbench agent contract; generalization belongs to later development","",""
"config/agent_routes.yaml","9942171371111e7c1727260546a494f626702df5","2020","INTENTIONALLY_PRIVATE","provider/skill/teacher-specific private workbench configuration","",""
"config/contest_visual.yaml","3030dab52aab5efc8a6656abb0b2c0e6988754ba","3860","MIGRATED_EXACT","source Git blob SHA equals target committed snapshot blob SHA","migration_sources/cumcm-2026-mmkit-v04/config/contest_visual.yaml","3030dab52aab5efc8a6656abb0b2c0e6988754ba"
"config/evidence_governance.yaml","2bc9371300c88bdf00ba737ae325c0e3220d7637","5632","MIGRATED_EXACT","source Git blob SHA equals target committed snapshot blob SHA","migration_sources/cumcm-2026-mmkit-v04/config/evidence_governance.yaml","2bc9371300c88bdf00ba737ae325c0e3220d7637"
"config/figure_contracts.yaml","1272d60e6c8d5fd97db88c69f12feba0451831f1","635","MIGRATED_EXACT","source Git blob SHA equals target committed snapshot blob SHA","migration_sources/cumcm-2026-mmkit-v04/config/figure_contracts.yaml","1272d60e6c8d5fd97db88c69f12feba0451831f1"
"config/figure_quality.yaml","d0d828f6a0a6220c35ea642ed96e5e127303f422","6115","MIGRATED_EXACT","source Git blob SHA equals target committed snapshot blob SHA","migration_sources/cumcm-2026-mmkit-v04/config/figure_quality.yaml","d0d828f6a0a6220c35ea642ed96e5e127303f422"
"config/method_router.yaml","ad925e1445e02a50fd4360f024840e8391361857","5506","MIGRATED_EXACT","source Git blob SHA equals target committed snapshot blob SHA","migration_sources/cumcm-2026-mmkit-v04/config/method_router.yaml","ad925e1445e02a50fd4360f024840e8391361857"
"config/paper_facts.yaml","e61bfbf0e4875d3198fc6fb1d2ae9142c3bc69c4","176","MIGRATED_EXACT","source Git blob SHA equals target committed snapshot blob SHA","migration_sources/cumcm-2026-mmkit-v04/config/paper_facts.yaml","e61bfbf0e4875d3198fc6fb1d2ae9142c3bc69c4"
"config/paper_language_rules.yaml","57fd423518503b238861cc5f983598e8a594c0f0","3847","MIGRATED_EXACT","source Git blob SHA equals target committed snapshot blob SHA","migration_sources/cumcm-2026-mmkit-v04/config/paper_language_rules.yaml","57fd423518503b238861cc5f983598e8a594c0f0"
"config/paper_quality.yaml","d27080a6e6631fdd54b3e1738a11b0c01b4f2e95","9610","MIGRATED_EXACT","source Git blob SHA equals target committed snapshot blob SHA","migration_sources/cumcm-2026-mmkit-v04/config/paper_quality.yaml","d27080a6e6631fdd54b3e1738a11b0c01b4f2e95"
"config/paper_sections.yaml","4e0d51c6460b3e47f4b7c407d82b721b578e43ce","3274","MIGRATED_EXACT","source Git blob SHA equals target committed snapshot blob SHA","migration_sources/cumcm-2026-mmkit-v04/config/paper_sections.yaml","4e0d51c6460b3e47f4b7c407d82b721b578e43ce"
"config/skill_registry_v04.yaml","eae651e4122d782021e785818a0066effbc99c82","3915","INTENTIONALLY_PRIVATE","provider/skill/teacher-specific private workbench configuration","",""
"config/skill_registry.yaml","6dbbab540bcb1afa35df3d301e697d3b119afaa6","10206","INTENTIONALLY_PRIVATE","provider/skill/teacher-specific private workbench configuration","",""
"config/teacher_extensions_20260908.yaml","0623a4858d20694c73c81e889f84830240611a74","2208","INTENTIONALLY_PRIVATE","provider/skill/teacher-specific private workbench configuration","",""
"config/workflow.yaml","d8885abd1cf6e91c7096a3aefbf012d43f8b8139","1279","MIGRATED_EXACT","source Git blob SHA equals target committed snapshot blob SHA","migration_sources/cumcm-2026-mmkit-v04/config/workflow.yaml","d8885abd1cf6e91c7096a3aefbf012d43f8b8139"
"docs/ACADEMIC_SKILL_STACK_V03.md","251eee85cc2275c9e46fce81a0bc872367959345","10577","MIGRATED_EXACT","source Git blob SHA equals target committed snapshot blob SHA","migration_sources/cumcm-2026-mmkit-v04/docs/ACADEMIC_SKILL_STACK_V03.md","251eee85cc2275c9e46fce81a0bc872367959345"
"docs/ACADEMIC_SKILL_STACK_V04.md","5de7d85df1a57f63a68daaa21347aad28ea6bd4e","7058","MIGRATED_EXACT","source Git blob SHA equals target committed snapshot blob SHA","migration_sources/cumcm-2026-mmkit-v04/docs/ACADEMIC_SKILL_STACK_V04.md","5de7d85df1a57f63a68daaa21347aad28ea6bd4e"
"docs/AI_DISCLOSURE_STYLE.md","69d6c4c3491142aa151b4ce1a6daf0bbc00c19c1","3760","MIGRATED_EXACT","source Git blob SHA equals target committed snapshot blob SHA","migration_sources/cumcm-2026-mmkit-v04/docs/AI_DISCLOSURE_STYLE.md","69d6c4c3491142aa151b4ce1a6daf0bbc00c19c1"
"docs/AI_TRACE_DISCLOSURE_RECOVERY.md","4c7504b2ff8b254e7deadb961b83bcc6435d4186","5647","MIGRATED_EXACT","source Git blob SHA equals target committed snapshot blob SHA","migration_sources/cumcm-2026-mmkit-v04/docs/AI_TRACE_DISCLOSURE_RECOVERY.md","4c7504b2ff8b254e7deadb961b83bcc6435d4186"
"docs/ARCHITECTURE.md","b43080f1a6938e137d534742daa8fe10f5c2e479","3332","MIGRATED_EXACT","source Git blob SHA equals target committed snapshot blob SHA","migration_sources/cumcm-2026-mmkit-v04/docs/ARCHITECTURE.md","b43080f1a6938e137d534742daa8fe10f5c2e479"
"docs/COMPLIANCE_2026.md","af0dec11eab6d0f5c030572261d627505a5fa2ce","3630","MIGRATED_EXACT","source Git blob SHA equals target committed snapshot blob SHA","migration_sources/cumcm-2026-mmkit-v04/docs/COMPLIANCE_2026.md","af0dec11eab6d0f5c030572261d627505a5fa2ce"
"docs/context/AGENT_HANDOFF.md","28c366fdc9e9bf4265c447469ad60b2f6dc6693e","6217","INTENTIONALLY_PRIVATE","historical handoff/state/decision context","",""
"docs/context/CUMCM2026C_DECISIONS_20260913.md","576207d483a52aa9914c6861e047ce6977a49287","4182","INTENTIONALLY_PRIVATE","historical handoff/state/decision context","",""
"docs/context/CUMCM2026C_FIGURE_CONTRACTS_20260913.md","61c7554d4002e54731becd0c92abe7e96517eb03","23180","INTENTIONALLY_PRIVATE","historical handoff/state/decision context","",""
"docs/context/CUMCM2026C_LIVE_ARCHIVE_20260913.md","e3111cd477edb3b77caa4831b8391fc5e5919a42","17791","INTENTIONALLY_PRIVATE","historical handoff/state/decision context","",""
"docs/context/CUMCM2026C_VISUAL_REBUILD_PLAN_20260913.md","0b141521f81164ceeb5044705828a77320b1654b","11012","INTENTIONALLY_PRIVATE","historical handoff/state/decision context","",""
"docs/context/CUMCM2026C_VISUAL_SELECTION_DECISION_20260913.md","a25d453fc1bb4cab271b18138cae9ff7487d54cd","8801","INTENTIONALLY_PRIVATE","historical handoff/state/decision context","",""
"docs/context/DECISION_LOG.md","c8456a3ed69ed30489d1dac986c905429eac4fb8","9450","INTENTIONALLY_PRIVATE","historical handoff/state/decision context","",""
"docs/context/DRILL03_2026_WORD_PPT_AUTHORITATIVE_REQUIREMENTS.md","13ee84500c6d84159e820947f3a2e341583135bc","11433","INTENTIONALLY_PRIVATE","historical handoff/state/decision context","",""
"docs/context/DRILL03_AI_DISCLOSURE_STYLE_FIX_20260909.md","81dbcae62e62057af8fab398fb55df21dc0e24b5","5185","INTENTIONALLY_PRIVATE","historical handoff/state/decision context","",""
"docs/context/DRILL03_ARCHIVE_20260910.md","2772b8e5cd917c8facd940279a7586dc7df52756","4860","INTENTIONALLY_PRIVATE","historical handoff/state/decision context","",""
"docs/context/DRILL03_D3_REVIEW_FIXED_RESULT_20260909.md","1f6fa0fc16481b4095aa63be614ee2fdee1824c1","4540","INTENTIONALLY_PRIVATE","historical handoff/state/decision context","",""
"docs/context/DRILL03_D3_SOL_FINAL_POLISH_RESULT_20260909.md","27b2d7e697fe2cfce85f9603de838395856a69e3","2643","INTENTIONALLY_PRIVATE","historical handoff/state/decision context","",""
"docs/context/DRILL03_D3_VISUAL_PASS3_RESULT.md","8d96507de5c4901c12436b2955399aa54bfbb61a","4037","INTENTIONALLY_PRIVATE","historical handoff/state/decision context","",""
"docs/context/DRILL03_MATHMODELS_RUNTIME_QUALIFICATION_20260908.md","4471f38a66a13328eab3db4372235dc8d7da1707","1420","INTENTIONALLY_PRIVATE","historical handoff/state/decision context","",""
"docs/context/DRILL03_SOL_FULL_REVIEW_20260909.md","e02fb5662d6fb0ab23111cbfdd0e8ed1261dd230","12568","INTENTIONALLY_PRIVATE","historical handoff/state/decision context","",""
"docs/context/DRILL03_SOL_G4_PREVIEW_REVIEW_20260909.md","dba7469ab34eb2aa85b56fcadd8c0e8bbbe78843","7994","INTENTIONALLY_PRIVATE","historical handoff/state/decision context","",""
"docs/context/DRILL03_SOL_STEP_REVIEW_PRE_G4_20260909.md","39bf52550603ae158ff9847eb63c3f5e2a97b8f0","7197","INTENTIONALLY_PRIVATE","historical handoff/state/decision context","",""
"docs/context/DRILL03_TEACHER_EVIDENCE_CHAIN_AND_LENGTH_20260909.md","174d454f9c8db6d44dca5693f867733ca41ba6f9","5636","INTENTIONALLY_PRIVATE","historical handoff/state/decision context","",""
"docs/context/DRILL03_TEACHER_FEEDBACK_MODELING_DEPTH_20260908.md","0bdba47d318a984adffd1e7f2eb337ece6396606","5919","INTENTIONALLY_PRIVATE","historical handoff/state/decision context","",""
"docs/context/DRILL03_TEACHER_PPT_WRITING_CROSSCHECK_20260909.md","e584f27bde69ead82b34cc22bde6abf64893c94d","5417","INTENTIONALLY_PRIVATE","historical handoff/state/decision context","",""
"docs/context/DRILL03_TEACHER_REQUIREMENTS_20260908.md","05ec14c25ada36e2960e0736291603d62e1bb078","6171","INTENTIONALLY_PRIVATE","historical handoff/state/decision context","",""
"docs/context/DRILL03_TEACHER_TEMPLATE_SMOKE_RESULT.md","7ef88fdd96208229d32f419756fa582c27ba357b","2243","INTENTIONALLY_PRIVATE","historical handoff/state/decision context","",""
"docs/context/MMKIT_V04_INTEGRATION_COMPLETE_20260909.md","87e10265549b51733fd256ee32c7c7365cc21d70","3447","INTENTIONALLY_PRIVATE","historical handoff/state/decision context","",""
"docs/context/PRECONTEST_FREEZE_20260910.md","99014bca12ed00805c51546c54aa9a9595f76032","4167","INTENTIONALLY_PRIVATE","historical handoff/state/decision context","",""
"docs/context/PROJECT_STATE.md","8170a7255a2bb5ecd031b21e9e0a564eb68c1c94","5542","INTENTIONALLY_PRIVATE","historical handoff/state/decision context","",""
"docs/CUMCM_DRILL03_TEACHER_TEMPLATE_REVIEW_20260908.md","c4192fc1f7e4f69a44ed2d051cae41db78689c4c","7417","INTENTIONALLY_PRIVATE","competition/drill/teacher-specific historical document","",""
"docs/CUMCM_STEP_REVIEW_INTEGRATION.md","3b55a6db4d57517c2b15044dc8dece0098280335","8648","INTENTIONALLY_PRIVATE","competition/drill/teacher-specific historical document","",""
"docs/CUMCM_STEP_REVIEW_TEACHER_SKILL_AUDIT_20260908.md","5bdc1228ec8937b5ee3da24e209085470c731130","8618","INTENTIONALLY_PRIVATE","competition/drill/teacher-specific historical document","",""
"docs/CUMCM_STRP_REVIEW_INTEGRATION.md","664da62d41832a425957259dc239e936945ca713","783","INTENTIONALLY_PRIVATE","competition/drill/teacher-specific historical document","",""
"docs/DRILL_01_POSTMORTEM_AND_DRILL_02_PLAN.md","fae138b42a3b8bf5e327e9a9e58b911b476e5313","5956","INTENTIONALLY_PRIVATE","competition/drill/teacher-specific historical document","",""
"docs/DRILL03_AWARD_PAPER_WRITING_BASELINE.md","dfdb208bd49fc04a6cbcd815f53a57c0c9f71cad","4837","INTENTIONALLY_PRIVATE","competition/drill/teacher-specific historical document","",""
"docs/FIGURE_PIPELINE.md","df026b316f9fef872f86e9e33eeca7f189665119","3830","MIGRATED_EXACT","source Git blob SHA equals target committed snapshot blob SHA","migration_sources/cumcm-2026-mmkit-v04/docs/FIGURE_PIPELINE.md","df026b316f9fef872f86e9e33eeca7f189665119"
"docs/FIVE_DAY_PLAN.md","addcd99585257ef9ac40f51917c8dab82cca3fa0","2872","MIGRATED_EXACT","source Git blob SHA equals target committed snapshot blob SHA","migration_sources/cumcm-2026-mmkit-v04/docs/FIVE_DAY_PLAN.md","addcd99585257ef9ac40f51917c8dab82cca3fa0"
"docs/G4_EXACT_FILE_LOCK.md","047e8c38b1a8a981f034265bfaa3753dfd474b2b","4785","MIGRATED_EXACT","source Git blob SHA equals target committed snapshot blob SHA","migration_sources/cumcm-2026-mmkit-v04/docs/G4_EXACT_FILE_LOCK.md","047e8c38b1a8a981f034265bfaa3753dfd474b2b"
"docs/GITHUB_FINAL_MATHMODELING_STACK_AUDIT_20260909.md","e9cb4a05daa452f4015e967eb33ee392b8a050e2","16830","INTENTIONALLY_PRIVATE","historical Drill-03 external GitHub ecosystem audit; retain in private competition workbench","",""
"docs/LITERATURE_VERIFICATION.md","c9ac2b8d75beac9ac39dbcdb051bf2b36f113059","3564","MIGRATED_EXACT","source Git blob SHA equals target committed snapshot blob SHA","migration_sources/cumcm-2026-mmkit-v04/docs/LITERATURE_VERIFICATION.md","c9ac2b8d75beac9ac39dbcdb051bf2b36f113059"
"docs/MATHMODELS_R_PACKAGE_AUDIT_20260908.md","da31197b3a7fe64adefa69de92328d5c6b757399","7132","INTENTIONALLY_PRIVATE","teacher-package / Drill-03 runtime qualification record; retain in private competition workbench","",""
"docs/MMKIT_SKILL_DISTILLATION.md","68ad26e1ddc49dfe94ed7c5eceaf0725af89f988","1723","MIGRATED_EXACT","source Git blob SHA equals target committed snapshot blob SHA","migration_sources/cumcm-2026-mmkit-v04/docs/MMKIT_SKILL_DISTILLATION.md","68ad26e1ddc49dfe94ed7c5eceaf0725af89f988"
"docs/MMKIT_V02_SYSTEM_UPGRADE.md","fb4cb244be49d221c7517ffa2370ee787ed2befe","10097","MIGRATED_EXACT","source Git blob SHA equals target committed snapshot blob SHA","migration_sources/cumcm-2026-mmkit-v04/docs/MMKIT_V02_SYSTEM_UPGRADE.md","fb4cb244be49d221c7517ffa2370ee787ed2befe"
"docs/MMKIT_V04_HARVEST_CANDIDATES.md","29bdbcd68fb062b4b9a3670f0a9a5a26c1f28eb1","4797","MIGRATED_EXACT","source Git blob SHA equals target committed snapshot blob SHA","migration_sources/cumcm-2026-mmkit-v04/docs/MMKIT_V04_HARVEST_CANDIDATES.md","29bdbcd68fb062b4b9a3670f0a9a5a26c1f28eb1"
"docs/ORIGIN_MCP_BACKEND.md","9f7cd78d13acdbbafcd12c20b2746e4b560fe734","2998","MIGRATED_EXACT","source Git blob SHA equals target committed snapshot blob SHA","migration_sources/cumcm-2026-mmkit-v04/docs/ORIGIN_MCP_BACKEND.md","9f7cd78d13acdbbafcd12c20b2746e4b560fe734"
"docs/PAPER_INTELLIGENCE_PIPELINE.md","123aa00de63939116962ae0a74f844dd0b65a01d","5884","MIGRATED_EXACT","source Git blob SHA equals target committed snapshot blob SHA","migration_sources/cumcm-2026-mmkit-v04/docs/PAPER_INTELLIGENCE_PIPELINE.md","123aa00de63939116962ae0a74f844dd0b65a01d"
"docs/PAPER_PIPELINE.md","edc64da94dffae9bf9f439f60eb16b450b1882cd","6781","MIGRATED_EXACT","source Git blob SHA equals target committed snapshot blob SHA","migration_sources/cumcm-2026-mmkit-v04/docs/PAPER_PIPELINE.md","edc64da94dffae9bf9f439f60eb16b450b1882cd"
"docs/PAPER_SCIENTIFIC_DENSITY.md","8420b9b769afa2937bee3a125a2c13995fd92e4b","2593","MIGRATED_EXACT","source Git blob SHA equals target committed snapshot blob SHA","migration_sources/cumcm-2026-mmkit-v04/docs/PAPER_SCIENTIFIC_DENSITY.md","8420b9b769afa2937bee3a125a2c13995fd92e4b"
"docs/R_DRILL_ACCEPTANCE.md","71e13ffe24049d271d2b1149283ecf8ce4e66c98","1757","MIGRATED_EXACT","source Git blob SHA equals target committed snapshot blob SHA","migration_sources/cumcm-2026-mmkit-v04/docs/R_DRILL_ACCEPTANCE.md","71e13ffe24049d271d2b1149283ecf8ce4e66c98"
"docs/SKILL_ROUTING.md","f90948d19450461220ff2f28683aab4ea75ef499","5314","MIGRATED_EXACT","source Git blob SHA equals target committed snapshot blob SHA","migration_sources/cumcm-2026-mmkit-v04/docs/SKILL_ROUTING.md","f90948d19450461220ff2f28683aab4ea75ef499"
"docs/SKILL_SUPPLY_CHAIN.md","20c4e9ee39623c80270954fff193798f66d33343","2430","MIGRATED_EXACT","source Git blob SHA equals target committed snapshot blob SHA","migration_sources/cumcm-2026-mmkit-v04/docs/SKILL_SUPPLY_CHAIN.md","20c4e9ee39623c80270954fff193798f66d33343"
"docs/WORKSPACE_SCHEMA.md","5ea80e91b71ec82a21b06e507dc041bcb54b84c5","6697","MIGRATED_EXACT","source Git blob SHA equals target committed snapshot blob SHA","migration_sources/cumcm-2026-mmkit-v04/docs/WORKSPACE_SCHEMA.md","5ea80e91b71ec82a21b06e507dc041bcb54b84c5"
"prompts/CUMCM_2026_LIVE_START.md","2d696619a8256fbc2035131ce4049234889ce133","3423","INTENTIONALLY_PRIVATE","private prompts and live-contest operational instructions","",""
"prompts/CUMCM_ACTIVE_PASS_WORD_PPT_ADDENDUM.md","2940a36b421bb8be8dc2a995db523863c3f2c860","5035","INTENTIONALLY_PRIVATE","private prompts and live-contest operational instructions","",""
"prompts/CUMCM_AI_DISCLOSURE_HUMANIZE_PASS.md","05c7aab5dcee3372cf4b54f77105b5970b761265","5159","INTENTIONALLY_PRIVATE","private prompts and live-contest operational instructions","",""
"prompts/CUMCM_D3_SOL_FINAL_POLISH_PASS.md","0eb060b4f198b1df74f15cf55295ebdd363ab345","12458","INTENTIONALLY_PRIVATE","private prompts and live-contest operational instructions","",""
"prompts/CUMCM_G4_PACKAGING_FIX.md","4cf2ac9a3d97f57fe8ace4ae17f007bd517c5cb3","10556","INTENTIONALLY_PRIVATE","private prompts and live-contest operational instructions","",""
"prompts/CUMCM_G4_PREVIEW_BUILD_PASS.md","3ba3d8ce7cca037967a009dd28f3e5f71ab96310","12329","INTENTIONALLY_PRIVATE","private prompts and live-contest operational instructions","",""
"prompts/CUMCM_G4_PREVIEW_LAST_TECHNICAL_FIX.md","dd732e3e1c1df2ace03260641c1e6cc75eefac04","7643","INTENTIONALLY_PRIVATE","private prompts and live-contest operational instructions","",""
"prompts/CUMCM_POST_TECH_EVIDENCE_CHAIN_REVIEW.md","0f0718cda6124904faa430e12911e5d0ead35b79","8782","INTENTIONALLY_PRIVATE","private prompts and live-contest operational instructions","",""
"prompts/CUMCM_TEMPLATE_MIGRATION_EXECUTE.md","726dd2adc1086f06a7aacedebb852a2d6fdc9380","3070","INTENTIONALLY_PRIVATE","private prompts and live-contest operational instructions","",""
"prompts/CUMCM_TEMPLATE_MIGRATION_PASS.md","3b831096c94841aa9de523efb35692c3e0ed5314","10436","INTENTIONALLY_PRIVATE","private prompts and live-contest operational instructions","",""
"prompts/CUMCM_TEMPLATE_REVIEW_FIX_EXECUTE.md","ff5a8c822d57b063725e3fb8ce50ac032289e966","18172","INTENTIONALLY_PRIVATE","private prompts and live-contest operational instructions","",""
"prompts/CUMCM_TEMPLATE_REVIEW_RESUME_AFTER_LIMIT.md","16fa4f6bf2612d6df7d0068b8c9357b3ca69b0a9","7344","INTENTIONALLY_PRIVATE","private prompts and live-contest operational instructions","",""
"prompts/CUMCM2026C_MIGRATION_HANDOFF_20260913.md","9b842fea09001c3878ee243a3040e52ff9b46477","17048","INTENTIONALLY_PRIVATE","private prompts and live-contest operational instructions","",""
"prompts/q4_chromosome_specific_supplement.md","64d1e2ccfc7b9c46efb39e9a9847a543136cac37","2324","INTENTIONALLY_PRIVATE","private prompts and live-contest operational instructions","",""
"prompts/SOL_CENTRAL_REVIEW.md","29d819eab709f0bb21b563d6c3416bf8ef5d2a00","11380","INTENTIONALLY_PRIVATE","private prompts and live-contest operational instructions","",""
"pyproject.toml","450e0351acfe494d78e6ceda019c32f8c10811c1","563","MIGRATED_EXACT","source Git blob SHA equals target committed snapshot blob SHA","migration_sources/cumcm-2026-mmkit-v04/pyproject.toml","450e0351acfe494d78e6ceda019c32f8c10811c1"
"r_toolbox/.Rprofile","81b960f5c6a8ee40840badd620f8af9743787730","26","MIGRATED_EXACT","source Git blob SHA equals target committed snapshot blob SHA","migration_sources/cumcm-2026-mmkit-v04/r_toolbox/.Rprofile","81b960f5c6a8ee40840badd620f8af9743787730"
"r_toolbox/bootstrap.R","c167b429ac4587bae59d9f7134e74fd3d2fcdb72","5821","MIGRATED_EXACT","source Git blob SHA equals target committed snapshot blob SHA","migration_sources/cumcm-2026-mmkit-v04/r_toolbox/bootstrap.R","c167b429ac4587bae59d9f7134e74fd3d2fcdb72"
"r_toolbox/io_contract.R","d5288d942c017e6a75f4ce96dcea8abd496882bb","6551","MIGRATED_EXACT","source Git blob SHA equals target committed snapshot blob SHA","migration_sources/cumcm-2026-mmkit-v04/r_toolbox/io_contract.R","d5288d942c017e6a75f4ce96dcea8abd496882bb"
"r_toolbox/ols_smoke.R","5692d2671f8407b489f8e436a8f051b474515cbf","3834","MIGRATED_EXACT","source Git blob SHA equals target committed snapshot blob SHA","migration_sources/cumcm-2026-mmkit-v04/r_toolbox/ols_smoke.R","5692d2671f8407b489f8e436a8f051b474515cbf"
"r_toolbox/OUTPUT_CONTRACT.md","7188c35dbb916b2d2b0d4a64726689184e2b0437","2685","MIGRATED_EXACT","source Git blob SHA equals target committed snapshot blob SHA","migration_sources/cumcm-2026-mmkit-v04/r_toolbox/OUTPUT_CONTRACT.md","7188c35dbb916b2d2b0d4a64726689184e2b0437"
"r_toolbox/README.md","a66ababa0b5c1300dd791a1a7e8824e81f2ca567","6604","MIGRATED_EXACT","source Git blob SHA equals target committed snapshot blob SHA","migration_sources/cumcm-2026-mmkit-v04/r_toolbox/README.md","a66ababa0b5c1300dd791a1a7e8824e81f2ca567"
"r_toolbox/renv/.gitignore","0ec0cbba2d7755cbd91956afaa585449906a1e16","56","MIGRATED_EXACT","source Git blob SHA equals target committed snapshot blob SHA","migration_sources/cumcm-2026-mmkit-v04/r_toolbox/renv/.gitignore","0ec0cbba2d7755cbd91956afaa585449906a1e16"
"r_toolbox/renv/activate.R","b9191f310a3c62fd7210d8800380bdbae02fc8cc","39946","MIGRATED_EXACT","source Git blob SHA equals target committed snapshot blob SHA","migration_sources/cumcm-2026-mmkit-v04/r_toolbox/renv/activate.R","b9191f310a3c62fd7210d8800380bdbae02fc8cc"
"r_toolbox/renv/settings.json","28b254fbea4c94ff33b8fadad7e52ea6f3220d9a","498","MIGRATED_EXACT","source Git blob SHA equals target committed snapshot blob SHA","migration_sources/cumcm-2026-mmkit-v04/r_toolbox/renv/settings.json","28b254fbea4c94ff33b8fadad7e52ea6f3220d9a"
"README.md","a196d6af1e587f8c319b4f301252290b222fb112","7651","MIGRATED_EXACT","source Git blob SHA equals target committed snapshot blob SHA","migration_sources/cumcm-2026-mmkit-v04/README.md","a196d6af1e587f8c319b4f301252290b222fb112"
"references/README.md","ecd277592d57175d9ab2f7c7ac5106818fbedbf1","1380","MIGRATED_EXACT","source Git blob SHA equals target committed snapshot blob SHA","migration_sources/cumcm-2026-mmkit-v04/references/README.md","ecd277592d57175d9ab2f7c7ac5106818fbedbf1"
"references/REFERENCE_LEDGER.csv","1594252b098af3c7c3c4800b6ac9cea8049a65e1","120","MIGRATED_EXACT","source Git blob SHA equals target committed snapshot blob SHA","migration_sources/cumcm-2026-mmkit-v04/references/REFERENCE_LEDGER.csv","1594252b098af3c7c3c4800b6ac9cea8049a65e1"
"requirements-win-py313.lock.txt","f812a7dbd7e4a7be976efe10c0c676f50a39813d","696","MIGRATED_EXACT","source Git blob SHA equals target committed snapshot blob SHA","migration_sources/cumcm-2026-mmkit-v04/requirements-win-py313.lock.txt","f812a7dbd7e4a7be976efe10c0c676f50a39813d"
"RUNBOOK.md","594b54274be7ca3f981600b84aa2928e136e03e9","7964","MIGRATED_EXACT","source Git blob SHA equals target committed snapshot blob SHA","migration_sources/cumcm-2026-mmkit-v04/RUNBOOK.md","594b54274be7ca3f981600b84aa2928e136e03e9"
"scripts/agent_handoff.ps1","436d18453aff571432dfda7ebe345830e1d2242d","4338","INTENTIONALLY_PRIVATE","provider/agent/token-specific local operational tooling","",""
"scripts/audit_human_paper.py","d79bd6d7d40a394b602373971120bcafea1fdfb4","7950","MIGRATED_EXACT","source Git blob SHA equals target committed snapshot blob SHA","migration_sources/cumcm-2026-mmkit-v04/scripts/audit_human_paper.py","d79bd6d7d40a394b602373971120bcafea1fdfb4"
"scripts/audit_paper_density.py","c58fbf5f2aedcc5a6dd84817a82c853e83ea4ca8","5939","MIGRATED_EXACT","source Git blob SHA equals target committed snapshot blob SHA","migration_sources/cumcm-2026-mmkit-v04/scripts/audit_paper_density.py","c58fbf5f2aedcc5a6dd84817a82c853e83ea4ca8"
"scripts/audit_windows_agent_routes.ps1","049ba79638a2effc32ca43c13f86fa0aa4c84807","1821","INTENTIONALLY_PRIVATE","provider/agent/token-specific local operational tooling","",""
"scripts/audit_windows_dsh.ps1","b3508be8ef811a67e2b3b501cc28ca0f992ef9a4","12495","INTENTIONALLY_PRIVATE","provider/agent/token-specific local operational tooling","",""
"scripts/audit_windows_matlab.ps1","15e6af9ff223aa526eecd96791ee437216af89de","1567","MIGRATED_EXACT","source Git blob SHA equals target committed snapshot blob SHA","migration_sources/cumcm-2026-mmkit-v04/scripts/audit_windows_matlab.ps1","15e6af9ff223aa526eecd96791ee437216af89de"
"scripts/audit_windows_token_monitor.ps1","0880467bc476ceb88e9050b260ae67f23331c5d4","2913","INTENTIONALLY_PRIVATE","provider/agent/token-specific local operational tooling","",""
"scripts/audit_windows_wolfram.ps1","7879a8ae5f731cd14a0020c3e8c475b06315a5e4","3446","MIGRATED_EXACT","source Git blob SHA equals target committed snapshot blob SHA","migration_sources/cumcm-2026-mmkit-v04/scripts/audit_windows_wolfram.ps1","7879a8ae5f731cd14a0020c3e8c475b06315a5e4"
"scripts/augment_sol_review_packet.py","109443a587f35ed36f1aa345193d90e414a5a96f","7701","MIGRATED_EXACT","source Git blob SHA equals target committed snapshot blob SHA","migration_sources/cumcm-2026-mmkit-v04/scripts/augment_sol_review_packet.py","109443a587f35ed36f1aa345193d90e414a5a96f"
"scripts/build_paper_intelligence.py","37fd7db771783d13cfb1199888c3e9b2bac82b95","16194","MIGRATED_EXACT","source Git blob SHA equals target committed snapshot blob SHA","migration_sources/cumcm-2026-mmkit-v04/scripts/build_paper_intelligence.py","37fd7db771783d13cfb1199888c3e9b2bac82b95"
"scripts/build_paper_review_bundle.ps1","c2b8753955c2d9e39934230eb53116c4497810c4","5317","MIGRATED_EXACT","source Git blob SHA equals target committed snapshot blob SHA","migration_sources/cumcm-2026-mmkit-v04/scripts/build_paper_review_bundle.ps1","c2b8753955c2d9e39934230eb53116c4497810c4"
"scripts/build_paper.ps1","4580123379aa057d52558574abd1709d0df1d3ca","17715","MIGRATED_EXACT","source Git blob SHA equals target committed snapshot blob SHA","migration_sources/cumcm-2026-mmkit-v04/scripts/build_paper.ps1","4580123379aa057d52558574abd1709d0df1d3ca"
"scripts/build_sol_review_packet.py","83da0233c7f3c9bd0657e4612df23068126f1bbc","17594","MIGRATED_EXACT","source Git blob SHA equals target committed snapshot blob SHA","migration_sources/cumcm-2026-mmkit-v04/scripts/build_sol_review_packet.py","83da0233c7f3c9bd0657e4612df23068126f1bbc"
"scripts/build_workspace_paper.ps1","2ccfbbb70fdf8f6fdae130df4748465662697884","1181","MIGRATED_EXACT","source Git blob SHA equals target committed snapshot blob SHA","migration_sources/cumcm-2026-mmkit-v04/scripts/build_workspace_paper.ps1","2ccfbbb70fdf8f6fdae130df4748465662697884"
"scripts/check_paper_facts.py","0377331ff73066f973f85034cf6187a50a24dbaf","4914","MIGRATED_EXACT","source Git blob SHA equals target committed snapshot blob SHA","migration_sources/cumcm-2026-mmkit-v04/scripts/check_paper_facts.py","0377331ff73066f973f85034cf6187a50a24dbaf"
"scripts/check_paper_layout.py","81914e718f1b4cdf58dd4f0be61993624ddec6ba","13539","MIGRATED_EXACT","source Git blob SHA equals target committed snapshot blob SHA","migration_sources/cumcm-2026-mmkit-v04/scripts/check_paper_layout.py","81914e718f1b4cdf58dd4f0be61993624ddec6ba"
"scripts/check_paper_structure.py","a9c24b1e2426febeecc8bb67b2063efeb1b640eb","8444","MIGRATED_EXACT","source Git blob SHA equals target committed snapshot blob SHA","migration_sources/cumcm-2026-mmkit-v04/scripts/check_paper_structure.py","a9c24b1e2426febeecc8bb67b2063efeb1b640eb"
"scripts/discover_dsh_3081.ps1","fb36e3a0524453c64099f79e0c05e05c1078a225","4783","INTENTIONALLY_PRIVATE","DSH/provider-specific local control-plane discovery tooling","",""
"scripts/g4_bundle_audit.py","ead2bb923cf9ef3b170c26d82672ca534e06ad6e","18600","MIGRATED_EXACT","source Git blob SHA equals target committed snapshot blob SHA","migration_sources/cumcm-2026-mmkit-v04/scripts/g4_bundle_audit.py","ead2bb923cf9ef3b170c26d82672ca534e06ad6e"
"scripts/init_paper_viz.ps1","023e4ccbae9b035af2742776a0d50e6d4124aa1d","1469","MIGRATED_EXACT","source Git blob SHA equals target committed snapshot blob SHA","migration_sources/cumcm-2026-mmkit-v04/scripts/init_paper_viz.ps1","023e4ccbae9b035af2742776a0d50e6d4124aa1d"
"scripts/install_wsl_offline.ps1","f240c39a1f7cea6c79957522346451655ce30f6b","3537","MIGRATED_EXACT","source Git blob SHA equals target committed snapshot blob SHA","migration_sources/cumcm-2026-mmkit-v04/scripts/install_wsl_offline.ps1","f240c39a1f7cea6c79957522346451655ce30f6b"
"scripts/install_wsl.ps1","37d7f39af5aa72a2f49c2b8d5a8430adb8e86f55","5258","MIGRATED_EXACT","source Git blob SHA equals target committed snapshot blob SHA","migration_sources/cumcm-2026-mmkit-v04/scripts/install_wsl.ps1","37d7f39af5aa72a2f49c2b8d5a8430adb8e86f55"
"scripts/lint_paper_language.py","c3f92f2b258f968daf63785fcd1d34ba2e365b1b","6733","MIGRATED_EXACT","source Git blob SHA equals target committed snapshot blob SHA","migration_sources/cumcm-2026-mmkit-v04/scripts/lint_paper_language.py","c3f92f2b258f968daf63785fcd1d34ba2e365b1b"
"scripts/log_ai_event.py","2d5f3bd9145d53fb2cfa4584b6acf82da1be04c5","1179","MIGRATED_EXACT","source Git blob SHA equals target committed snapshot blob SHA","migration_sources/cumcm-2026-mmkit-v04/scripts/log_ai_event.py","2d5f3bd9145d53fb2cfa4584b6acf82da1be04c5"
"scripts/mathmodels_smoke.R","371fd5bd648a178d2fa57da5210fd3d6f55b5b9d","2872","MIGRATED_EXACT","source Git blob SHA equals target committed snapshot blob SHA","migration_sources/cumcm-2026-mmkit-v04/scripts/mathmodels_smoke.R","371fd5bd648a178d2fa57da5210fd3d6f55b5b9d"
"scripts/matlab_audit.m","cff1ab1d039069cf3d76326736d562e70a63f76a","3430","MIGRATED_EXACT","source Git blob SHA equals target committed snapshot blob SHA","migration_sources/cumcm-2026-mmkit-v04/scripts/matlab_audit.m","cff1ab1d039069cf3d76326736d562e70a63f76a"
"scripts/new_problem.ps1","b56a9f98802e60d84458cc541087fdaf3b7e9f5d","18406","MIGRATED_EXACT","source Git blob SHA equals target committed snapshot blob SHA","migration_sources/cumcm-2026-mmkit-v04/scripts/new_problem.ps1","b56a9f98802e60d84458cc541087fdaf3b7e9f5d"
"scripts/paper_gate_common.py","ebc72a3a8dc560d4a24ab6c668fd222bedf8b0f7","2767","MIGRATED_EXACT","source Git blob SHA equals target committed snapshot blob SHA","migration_sources/cumcm-2026-mmkit-v04/scripts/paper_gate_common.py","ebc72a3a8dc560d4a24ab6c668fd222bedf8b0f7"
"scripts/paper_tex_extract.py","f416be4806b1de07465d30ffa7eccda64532eb4d","20711","MIGRATED_EXACT","source Git blob SHA equals target committed snapshot blob SHA","migration_sources/cumcm-2026-mmkit-v04/scripts/paper_tex_extract.py","f416be4806b1de07465d30ffa7eccda64532eb4d"
"scripts/paper_visual_review.py","185fbff991988c508d477d24f7890931646bcf68","9306","MIGRATED_EXACT","source Git blob SHA equals target committed snapshot blob SHA","migration_sources/cumcm-2026-mmkit-v04/scripts/paper_visual_review.py","185fbff991988c508d477d24f7890931646bcf68"
"scripts/python_smoke.py","641f7bf99d17f9c4ecd548a5257511ece9de6b84","3880","MIGRATED_EXACT","source Git blob SHA equals target committed snapshot blob SHA","migration_sources/cumcm-2026-mmkit-v04/scripts/python_smoke.py","641f7bf99d17f9c4ecd548a5257511ece9de6b84"
"scripts/reference_audit.py","6bcacbb40ad0f8e79cad3038812629812e2d9bda","5352","MIGRATED_EXACT","source Git blob SHA equals target committed snapshot blob SHA","migration_sources/cumcm-2026-mmkit-v04/scripts/reference_audit.py","6bcacbb40ad0f8e79cad3038812629812e2d9bda"
"scripts/setup_mathmodels.ps1","bc922a19e4959db4d0bbf7bff80dfa4001a0b455","6770","MIGRATED_EXACT","source Git blob SHA equals target committed snapshot blob SHA","migration_sources/cumcm-2026-mmkit-v04/scripts/setup_mathmodels.ps1","bc922a19e4959db4d0bbf7bff80dfa4001a0b455"
"scripts/setup_windows_python.ps1","33a0c9060aca56d369e558e869e3cdf5cda1e842","10877","MIGRATED_EXACT","source Git blob SHA equals target committed snapshot blob SHA","migration_sources/cumcm-2026-mmkit-v04/scripts/setup_windows_python.ps1","33a0c9060aca56d369e558e869e3cdf5cda1e842"
"scripts/setup_windows_r.ps1","957e2363b3c9c25d8dd67990784e9f551c1a0e76","5413","MIGRATED_EXACT","source Git blob SHA equals target committed snapshot blob SHA","migration_sources/cumcm-2026-mmkit-v04/scripts/setup_windows_r.ps1","957e2363b3c9c25d8dd67990784e9f551c1a0e76"
"scripts/setup_windows_texlive.ps1","6b37f981565e39e97a4d564c868fd3d72edc8426","6444","MIGRATED_EXACT","source Git blob SHA equals target committed snapshot blob SHA","migration_sources/cumcm-2026-mmkit-v04/scripts/setup_windows_texlive.ps1","6b37f981565e39e97a4d564c868fd3d72edc8426"
"scripts/smoke_python_r.py","58b3fb70aaaf6e2f063cc7b834f4ef76d03ba2f6","7520","MIGRATED_EXACT","source Git blob SHA equals target committed snapshot blob SHA","migration_sources/cumcm-2026-mmkit-v04/scripts/smoke_python_r.py","58b3fb70aaaf6e2f063cc7b834f4ef76d03ba2f6"
"scripts/tex_smoke.ps1","8d7b123ab7b99a879df9177e8c0b297fe358a694","2457","MIGRATED_EXACT","source Git blob SHA equals target committed snapshot blob SHA","migration_sources/cumcm-2026-mmkit-v04/scripts/tex_smoke.ps1","8d7b123ab7b99a879df9177e8c0b297fe358a694"
"scripts/windows_probe.ps1","08ec127d063da10bf0adea7729c3a599becedfcc","4567","MIGRATED_EXACT","source Git blob SHA equals target committed snapshot blob SHA","migration_sources/cumcm-2026-mmkit-v04/scripts/windows_probe.ps1","08ec127d063da10bf0adea7729c3a599becedfcc"
"scripts/workspace_preflight.py","d8e2609179a2839f2c3e2ceac4b64638f6dd7b47","7091","MIGRATED_EXACT","source Git blob SHA equals target committed snapshot blob SHA","migration_sources/cumcm-2026-mmkit-v04/scripts/workspace_preflight.py","d8e2609179a2839f2c3e2ceac4b64638f6dd7b47"
"styles/cumcm/.vale.ini","ab5f9e35b5748f0a9db8e8ae34a912710d8ec1f1","70","DEFERRED_LICENSE_PROVENANCE","third-party/vendor/template/style asset requires separate license/provenance review before public redistribution","",""
"styles/cumcm/Cumcm/Hedging.yml","2a89034605e089c386738b959141ceca447517c4","393","DEFERRED_LICENSE_PROVENANCE","third-party/vendor/template/style asset requires separate license/provenance review before public redistribution","",""
"styles/cumcm/Cumcm/InternalTerms.yml","78a3ed6c3db865ce7f99b2e7858de465d3ec8a89","466","DEFERRED_LICENSE_PROVENANCE","third-party/vendor/template/style asset requires separate license/provenance review before public redistribution","",""
"templates/26cumcmthesis-latex/ensure-template-tex-deps.ps1","38c539f671d83c6266b608d9eb1ea5133481f886","2499","DEFERRED_LICENSE_PROVENANCE","third-party/vendor/template/style asset requires separate license/provenance review before public redistribution","",""
"templates/26cumcmthesis-latex/README.md","db6c2ae09b6fe1bd8b29f8e67a0d64551803ba99","4689","DEFERRED_LICENSE_PROVENANCE","third-party/vendor/template/style asset requires separate license/provenance review before public redistribution","",""
"templates/26cumcmthesis-latex/REFERENCE_INSTANCE_AUDIT.md","c62fcb80e2f4818b712289727436ec4fc5551ddc","2336","DEFERRED_LICENSE_PROVENANCE","third-party/vendor/template/style asset requires separate license/provenance review before public redistribution","",""
"templates/26cumcmthesis-latex/smoke-template.ps1","c44cd02cdb92f66572dfb0e88d2cc2e22641857f","5376","DEFERRED_LICENSE_PROVENANCE","third-party/vendor/template/style asset requires separate license/provenance review before public redistribution","",""
"templates/26cumcmthesis-latex/source/AI宸ュ叿浣跨敤璇︽儏.tex","bd2ffc0f1b69a5c3e728f18c62036ffbf9ec794e","5129","DEFERRED_LICENSE_PROVENANCE","third-party/vendor/template/style asset requires separate license/provenance review before public redistribution","",""
"templates/26cumcmthesis-latex/source/aiuse.cls","82bcf115716377fc248a798be55c9e43525d2ed0","3895","DEFERRED_LICENSE_PROVENANCE","third-party/vendor/template/style asset requires separate license/provenance review before public redistribution","",""
"templates/26cumcmthesis-latex/source/cumcm.cls","9f1a0cea3285d0a9b9a96485461611618a975096","5033","DEFERRED_LICENSE_PROVENANCE","third-party/vendor/template/style asset requires separate license/provenance review before public redistribution","",""
"templates/26cumcmthesis-latex/source/main.tex","d3eeee920821eb3afa8de0763a59fb89163b4713","535","DEFERRED_LICENSE_PROVENANCE","third-party/vendor/template/style asset requires separate license/provenance review before public redistribution","",""
"templates/26cumcmthesis-latex/TEMPLATE_MIGRATION_PLAN.md","89cf48ad5c7beb334244b2a3b5a8324204eee34a","3188","DEFERRED_LICENSE_PROVENANCE","third-party/vendor/template/style asset requires separate license/provenance review before public redistribution","",""
"templates/FIGURE_MANIFEST.md","e7dceae5169f4950cddfba36013bb2f25ff5bfc7","707","MIGRATED_EXACT","source Git blob SHA equals target committed snapshot blob SHA","migration_sources/cumcm-2026-mmkit-v04/templates/FIGURE_MANIFEST.md","e7dceae5169f4950cddfba36013bb2f25ff5bfc7"
"templates/PAPER_VISUAL_STYLE.md","3370de9b886bfdf99e0414d24f08088264bda71d","2975","MIGRATED_EXACT","source Git blob SHA equals target committed snapshot blob SHA","migration_sources/cumcm-2026-mmkit-v04/templates/PAPER_VISUAL_STYLE.md","3370de9b886bfdf99e0414d24f08088264bda71d"
"templates/plot_style.py","4b7cf1857306c08213b78eafea536b308992142b","2463","MIGRATED_EXACT","source Git blob SHA equals target committed snapshot blob SHA","migration_sources/cumcm-2026-mmkit-v04/templates/plot_style.py","4b7cf1857306c08213b78eafea536b308992142b"
"templates/tex_smoke/main.tex","ec18ef80d65d2a8ba2326b44d829a4ab0405cce9","1107","MIGRATED_EXACT","source Git blob SHA equals target committed snapshot blob SHA","migration_sources/cumcm-2026-mmkit-v04/templates/tex_smoke/main.tex","ec18ef80d65d2a8ba2326b44d829a4ab0405cce9"
"tests/test_augment_sol_review_packet.py","9598e96cbaf640f424cee19f12260733bcb033b2","3615","MIGRATED_EXACT","source Git blob SHA equals target committed snapshot blob SHA","migration_sources/cumcm-2026-mmkit-v04/tests/test_augment_sol_review_packet.py","9598e96cbaf640f424cee19f12260733bcb033b2"
"tests/test_build_paper_intelligence.py","e1e6df8b8a73098481a1105d803ce2e40b51f5b2","4739","MIGRATED_EXACT","source Git blob SHA equals target committed snapshot blob SHA","migration_sources/cumcm-2026-mmkit-v04/tests/test_build_paper_intelligence.py","e1e6df8b8a73098481a1105d803ce2e40b51f5b2"
"tests/test_build_sol_review_packet.py","6a63d4175d49a6cf5687235cc8fefa55b51cfac3","8975","MIGRATED_EXACT","source Git blob SHA equals target committed snapshot blob SHA","migration_sources/cumcm-2026-mmkit-v04/tests/test_build_sol_review_packet.py","6a63d4175d49a6cf5687235cc8fefa55b51cfac3"
"tests/test_check_paper_facts.py","22cfa4aeb9725255c8d659b02c35fad767625046","1532","MIGRATED_EXACT","source Git blob SHA equals target committed snapshot blob SHA","migration_sources/cumcm-2026-mmkit-v04/tests/test_check_paper_facts.py","22cfa4aeb9725255c8d659b02c35fad767625046"
"tests/test_check_paper_layout.py","17f7e900b96764ddf149870a55714e7d9e2f7741","4114","MIGRATED_EXACT","source Git blob SHA equals target committed snapshot blob SHA","migration_sources/cumcm-2026-mmkit-v04/tests/test_check_paper_layout.py","17f7e900b96764ddf149870a55714e7d9e2f7741"
"tests/test_check_paper_structure.py","de76f4190540f64b34147443bfd2afd4cd452f74","3620","MIGRATED_EXACT","source Git blob SHA equals target committed snapshot blob SHA","migration_sources/cumcm-2026-mmkit-v04/tests/test_check_paper_structure.py","de76f4190540f64b34147443bfd2afd4cd452f74"
"tests/test_lint_paper_language.py","a91c6e252d6033ebc84406d5add40a2d72a995c0","3359","MIGRATED_EXACT","source Git blob SHA equals target committed snapshot blob SHA","migration_sources/cumcm-2026-mmkit-v04/tests/test_lint_paper_language.py","a91c6e252d6033ebc84406d5add40a2d72a995c0"
"tests/test_paper_visual_review.py","4b3402ab487eb129f5a3d5f2f88937e2216c0277","2169","MIGRATED_EXACT","source Git blob SHA equals target committed snapshot blob SHA","migration_sources/cumcm-2026-mmkit-v04/tests/test_paper_visual_review.py","4b3402ab487eb129f5a3d5f2f88937e2216c0277"
"vendor/CANDIDATE_SKILLS_V03.yaml","c37ce3797df4d081c391be5743078c43f8089c93","6300","DEFERRED_LICENSE_PROVENANCE","third-party/vendor/template/style asset requires separate license/provenance review before public redistribution","",""
"vendor/CANDIDATE_SKILLS_V04.yaml","d063b5f3c604c2a89424fd23f73e7afcb5470268","7804","DEFERRED_LICENSE_PROVENANCE","third-party/vendor/template/style asset requires separate license/provenance review before public redistribution","",""
"vendor/SKILLS_MANIFEST_V04.yaml","5f35c28dac2b8738739b0eb8dbbab80c40321adf","3652","DEFERRED_LICENSE_PROVENANCE","third-party/vendor/template/style asset requires separate license/provenance review before public redistribution","",""
"vendor/SKILLS_MANIFEST.yaml","84761ec7314eb476061397eee9dc9c990277a160","9327","DEFERRED_LICENSE_PROVENANCE","third-party/vendor/template/style asset requires separate license/provenance review before public redistribution","",""
"vendor/skills/cumcm_live_workflow/UPSTREAM.yaml","0fbfd1b53f7ed221bba757a0a7a3453795007579","700","DEFERRED_LICENSE_PROVENANCE","third-party/vendor/template/style asset requires separate license/provenance review before public redistribution","",""
"vendor/skills/cumcm_step_review_teacher/LICENSE","95f575d2ad7060ec8ac1c0e233fe3e3f390df451","1390","DEFERRED_LICENSE_PROVENANCE","third-party/vendor/template/style asset requires separate license/provenance review before public redistribution","",""
"vendor/skills/cumcm_step_review_teacher/README.md","16103fc341358a5bb760fb7ee68c1dd8fe77c11d","1169","DEFERRED_LICENSE_PROVENANCE","third-party/vendor/template/style asset requires separate license/provenance review before public redistribution","",""
"vendor/skills/cumcm_step_review_teacher/SKILL.md","ea78a2e1a646fda6f95d8590c16ebdc752171a2e","15208","DEFERRED_LICENSE_PROVENANCE","third-party/vendor/template/style asset requires separate license/provenance review before public redistribution","",""
"vendor/skills/cumcm_strp_review/README.md","072ce5623f6794a019210868b77bc86f75f8622e","1007","DEFERRED_LICENSE_PROVENANCE","third-party/vendor/template/style asset requires separate license/provenance review before public redistribution","",""
"vendor/skills/gdm_science_skills/UPSTREAM.yaml","c32c6cde06b6b1f84161a3bdef495d14f1ca5939","770","DEFERRED_LICENSE_PROVENANCE","third-party/vendor/template/style asset requires separate license/provenance review before public redistribution","",""
"vendor/skills/math_modeling_reference/UPSTREAM.yaml","9d8582d5646c6dd1bea29ba5cdc3a251747b5598","779","DEFERRED_LICENSE_PROVENANCE","third-party/vendor/template/style asset requires separate license/provenance review before public redistribution","",""
"vendor/skills/nature_skills/UPSTREAM.yaml","12f165a050c6efa8e8f3314692fba88c364b4c72","722","DEFERRED_LICENSE_PROVENANCE","third-party/vendor/template/style asset requires separate license/provenance review before public redistribution","",""
"vendor/skills/paperbanana/UPSTREAM.yaml","2de7c0b207df1561dd1706a082542dc3dee6abcc","771","DEFERRED_LICENSE_PROVENANCE","third-party/vendor/template/style asset requires separate license/provenance review before public redistribution","",""
"vendor/skills/research_drawio/UPSTREAM.yaml","ea1f4a5a53f9cd63c4267c2ca25cdd713f2cae4c","803","DEFERRED_LICENSE_PROVENANCE","third-party/vendor/template/style asset requires separate license/provenance review before public redistribution","",""
"vendor/skills/supervisor_skills/UPSTREAM.yaml","9c7b9cc8f26f91f66928742a4984714bf85fcee5","871","DEFERRED_LICENSE_PROVENANCE","third-party/vendor/template/style asset requires separate license/provenance review before public redistribution","",""
